{"cameraMode":{"drawMode":0,"name":"Shaded","section":"Shading Mode"},"sceneLighting":true,"audioPlay":false,"sceneViewState":{"showFog":true,"showMaterialUpdate":true,"showSkybox":true,"showFlares":true,"showImageEffects":true,"showParticleSystems":true},"in2DMode":false,"pivot":{"x":28.429931640625,"y":0.458221435546875,"z":-12.747886657714844},"rotation":{"x":-0.3255848288536072,"y":-0.4541051983833313,"z":0.1832689791917801,"w":-0.809127151966095},"size":187.13262939453126,"orthographic":false}